                  epoch,         train/box_loss,         train/cls_loss,         train/dfl_loss,   metrics/precision(B),      metrics/recall(B),       metrics/mAP50(B),    metrics/mAP50-95(B),           val/box_loss,           val/cls_loss,           val/dfl_loss,                 lr/pg0,                 lr/pg1,                 lr/pg2
                      0,                  3.219,                 4.2782,                 4.3244,                0.00268,                0.54572,                0.00305,                0.00126,                 3.0284,                 4.1064,                 4.1572,                 0.0002,                 0.0002,                 0.0002
                      1,                 3.2151,                 4.1654,                 4.1958,                0.00254,                0.54063,                0.00307,                0.00153,                 3.0237,                 4.1005,                 4.1486,             0.00041046,             0.00041046,             0.00041046
                      2,                 3.1006,                 4.0495,                 4.1033,                0.00262,                0.55109,                0.00463,                0.00201,                 2.9787,                 4.1412,                 4.0895,             0.00061881,             0.00061881,             0.00061881
                      3,                 3.0911,                 3.8863,                 3.9511,                0.00261,                0.54715,                0.01417,                0.00535,                 2.9669,                 4.1847,                 4.0896,             0.00082506,             0.00082506,             0.00082506
                      4,                 3.0545,                 3.7253,                 3.7676,                0.00264,                0.54109,                 0.0036,                0.00137,                 3.0265,                 3.8461,                   4.37,              0.0010292,              0.0010292,              0.0010292
                      5,                 2.9865,                 3.6069,                 3.6313,                 0.0028,                0.59205,                0.03811,                0.01014,                 2.9915,                 3.8667,                 4.0612,              0.0012191,              0.0012191,              0.0012191
                      6,                 2.8188,                 3.5384,                 3.5199,                0.05732,                0.26606,                0.07285,                0.01597,                 2.7555,                  7.586,                 4.0804,              0.0012191,              0.0012191,              0.0012191
                      7,                  2.746,                 3.4444,                 3.4364,                0.57304,                0.20031,                0.07645,                0.01828,                 2.6837,                 8.2432,                 4.0465,              0.0012129,              0.0012129,              0.0012129
                      8,                 2.6766,                 3.2348,                 3.2549,                 0.1549,                0.38051,                0.18851,                0.05769,                 2.5452,                 4.7108,                 3.4747,              0.0012067,              0.0012067,              0.0012067
                      9,                 2.6654,                 3.1261,                 3.2591,                0.34584,                0.08506,                0.07921,                0.02212,                 2.5398,                 4.8528,                 3.4563,              0.0012005,              0.0012005,              0.0012005
                     10,                 2.5242,                 3.0301,                 3.0971,                0.80411,                0.06183,                0.04903,                0.01091,                 2.7513,                  5.794,                  3.459,              0.0011943,              0.0011943,              0.0011943
                     11,                   2.44,                 2.9521,                 3.0163,                0.59146,                0.26382,                 0.1349,                0.05528,                 2.2576,                 14.629,                 3.0967,              0.0011881,              0.0011881,              0.0011881
                     12,                 2.3734,                 2.9005,                 2.9163,                0.51924,                0.25402,                0.22881,                0.11278,                 2.3997,                 3.0992,                 3.1833,              0.0011819,              0.0011819,              0.0011819
                     13,                 2.2958,                 2.8714,                  2.903,                 0.6613,                0.30753,                0.34057,                0.18172,                 2.0953,                 7.3128,                 2.9711,              0.0011757,              0.0011757,              0.0011757
                     14,                 2.1723,                 2.7621,                 2.8127,                0.55648,                0.42486,                0.35399,                0.17347,                 2.0753,                 5.9625,                 2.9272,              0.0011696,              0.0011696,              0.0011696
                     15,                 2.1843,                 2.6187,                 2.8011,                0.29257,                0.34997,                0.16299,                0.06812,                 2.3948,                 3.2657,                 3.1536,              0.0011634,              0.0011634,              0.0011634
                     16,                 2.0154,                 2.5452,                 2.6803,                0.30493,                 0.5944,                0.47906,                0.27121,                 1.8153,                 3.4995,                 2.6854,              0.0011572,              0.0011572,              0.0011572
                     17,                 1.9695,                 2.5655,                 2.6608,                0.70309,                 0.4559,                0.52758,                 0.3092,                 1.7583,                 2.4631,                 2.5936,               0.001151,               0.001151,               0.001151
                     18,                 1.9905,                 2.5848,                 2.6382,                0.16224,                0.20271,                0.10456,                0.04263,                  2.384,                  3.935,                 3.1839,              0.0011448,              0.0011448,              0.0011448
                     19,                 1.9043,                 2.3521,                 2.5382,                0.52074,                0.60167,                0.60249,                0.33815,                 1.6412,                  2.003,                 2.4337,              0.0011386,              0.0011386,              0.0011386
                     20,                 1.8149,                 2.2568,                 2.4779,                0.42792,                0.53818,                0.54974,                0.34239,                 1.6264,                 2.0614,                 2.4501,              0.0011324,              0.0011324,              0.0011324
                     21,                 1.7699,                 2.1499,                 2.3902,                0.70124,                0.47031,                0.58205,                0.35287,                 1.5958,                 2.4587,                 2.2969,              0.0011263,              0.0011263,              0.0011263
                     22,                 1.6764,                  2.098,                 2.3079,                0.52289,                0.59881,                0.53919,                0.26762,                 1.8457,                 2.1212,                 2.5164,              0.0011201,              0.0011201,              0.0011201
                     23,                 1.7025,                 2.0712,                 2.3038,                0.79304,                0.50369,                0.65063,                0.42048,                 1.4797,                 1.9637,                  2.234,              0.0011139,              0.0011139,              0.0011139
                     24,                 1.6509,                 2.0794,                 2.2762,                0.65452,                0.63098,                0.63976,                0.40189,                 1.4375,                 1.7749,                 2.1909,              0.0011077,              0.0011077,              0.0011077
                     25,                 1.5571,                 1.9432,                 2.2028,                0.71462,                0.61987,                0.70494,                0.46665,                 1.3406,                  1.809,                 2.0801,              0.0011015,              0.0011015,              0.0011015
                     26,                 1.5419,                 1.8393,                 2.1352,                0.66504,                0.50388,                0.61749,                0.39937,                 1.3866,                 1.9381,                 2.1184,              0.0010953,              0.0010953,              0.0010953
                     27,                 1.5924,                 1.9468,                 2.1637,                0.66135,                0.60344,                0.66043,                0.45925,                   1.32,                 1.6852,                 2.0204,              0.0010891,              0.0010891,              0.0010891
                     28,                  1.493,                 1.7425,                 2.0882,                0.88561,                0.39552,                0.66731,                0.46038,                 1.2086,                 1.8128,                 1.9477,              0.0010829,              0.0010829,              0.0010829
                     29,                 1.4666,                 1.8625,                  2.074,                0.52109,                0.48636,                 0.4925,                0.27369,                 1.6413,                 2.0405,                 2.3491,              0.0010768,              0.0010768,              0.0010768
                     30,                 1.4747,                 1.8445,                 2.0589,                0.75638,                0.68024,                0.73911,                0.51213,                 1.2019,                 1.4537,                 1.9021,              0.0010706,              0.0010706,              0.0010706
                     31,                 1.4248,                 1.7077,                 2.0024,                0.59416,                0.39562,                 0.5283,                 0.2341,                  2.001,                 2.5593,                 2.6791,              0.0010644,              0.0010644,              0.0010644
                     32,                 1.4083,                 1.7374,                  1.974,                0.71924,                0.64879,                0.73744,                0.52805,                 1.1436,                 1.3194,                 1.8477,              0.0010582,              0.0010582,              0.0010582
                     33,                 1.3703,                 1.6632,                 1.9377,                 0.6764,                0.75605,                0.73725,                0.49476,                 1.2141,                 1.3295,                 1.8641,               0.001052,               0.001052,               0.001052
                     34,                 1.2871,                 1.5581,                 1.8601,                0.81354,                0.76075,                0.82402,                0.60459,                 1.0398,                  1.134,                 1.6944,              0.0010458,              0.0010458,              0.0010458
                     35,                 1.3317,                 1.5919,                 1.8803,                0.55809,                0.66268,                0.70271,                0.51268,                 1.0497,                 1.5064,                 1.7094,              0.0010396,              0.0010396,              0.0010396
                     36,                 1.3034,                   1.54,                 1.8296,                0.78114,                0.71215,                0.75613,                0.56374,                 1.0645,                 1.3231,                 1.6717,              0.0010334,              0.0010334,              0.0010334
                     37,                 1.3074,                 1.5005,                 1.8433,                0.83573,                0.70048,                0.79774,                0.56869,                  1.125,                 1.3179,                 1.7416,              0.0010273,              0.0010273,              0.0010273
                     38,                 1.2729,                 1.4346,                 1.8233,                0.74074,                0.80908,                0.82289,                0.60785,                 1.0102,                 1.1415,                  1.625,              0.0010211,              0.0010211,              0.0010211
                     39,                 1.2015,                  1.422,                 1.7594,                0.77003,                0.79004,                  0.801,                0.55951,                 1.0734,                 1.1418,                 1.7188,              0.0010149,              0.0010149,              0.0010149
                     40,                 1.1968,                 1.3634,                 1.7439,                0.69289,                0.63905,                0.72336,                0.45796,                   1.38,                  1.513,                 2.0476,              0.0010087,              0.0010087,              0.0010087
                     41,                 1.2479,                 1.3708,                 1.7777,                0.71003,                0.68456,                0.79655,                0.54407,                 1.1722,                 1.3504,                 1.7968,              0.0010025,              0.0010025,              0.0010025
                     42,                 1.2674,                 1.3771,                 1.7815,                0.71543,                0.65168,                0.73456,                0.43948,                 1.3773,                 1.5737,                 1.9846,             0.00099631,             0.00099631,             0.00099631
                     43,                 1.2511,                  1.396,                  1.782,                0.88528,                0.74854,                0.86966,                0.65296,                0.97494,                  1.184,                 1.5735,             0.00099013,             0.00099013,             0.00099013
                     44,                 1.1638,                 1.2966,                 1.7114,                0.75148,                0.62402,                0.73226,                0.52275,                 1.0905,                 1.3846,                 1.6663,             0.00098394,             0.00098394,             0.00098394
                     45,                 1.2423,                 1.3737,                 1.7576,                0.79537,                0.75832,                0.83418,                0.61085,                0.97368,                 1.0384,                 1.5839,             0.00097775,             0.00097775,             0.00097775
                     46,                 1.1914,                 1.2924,                 1.7388,                0.87991,                0.81248,                0.86258,                0.64522,                 0.9457,                0.99916,                 1.5276,             0.00097156,             0.00097156,             0.00097156
                     47,                 1.1089,                 1.2464,                 1.6681,                0.84259,                0.81731,                 0.8792,                0.65447,                0.93697,                0.91389,                 1.5562,             0.00096537,             0.00096537,             0.00096537
                     48,                 1.1556,                 1.3317,                 1.6998,                0.67534,                0.59704,                0.69984,                0.43008,                 1.3666,                 1.5125,                 2.0165,             0.00095919,             0.00095919,             0.00095919
                     49,                 1.1142,                 1.2054,                 1.6306,                0.86893,                0.81092,                  0.879,                 0.6595,                0.94225,                0.93392,                 1.5176,               0.000953,               0.000953,               0.000953
                     50,                 1.1312,                 1.2049,                 1.6515,                0.89864,                0.79401,                0.88425,                 0.6747,                0.93125,                0.87232,                 1.5034,             0.00094681,             0.00094681,             0.00094681
                     51,                 1.0841,                 1.1851,                 1.6131,                0.83917,                0.78644,                 0.8605,                0.66502,                0.89405,                0.99889,                 1.4823,             0.00094062,             0.00094062,             0.00094062
                     52,                  1.106,                 1.2171,                 1.6195,                0.86736,                0.84175,                0.88377,                0.65651,                0.92224,                0.87381,                 1.4902,             0.00093444,             0.00093444,             0.00093444
                     53,                  1.102,                 1.2203,                 1.6102,                0.88594,                0.86093,                0.90134,                0.66935,                0.93373,                0.86542,                 1.5079,             0.00092825,             0.00092825,             0.00092825
                     54,                    1.1,                 1.1804,                 1.6034,                0.85052,                0.84657,                0.89134,                0.66467,                0.95285,                0.84953,                 1.5116,             0.00092206,             0.00092206,             0.00092206
                     55,                 1.1344,                  1.147,                 1.6266,                0.87457,                0.82046,                0.88609,                0.65889,                0.92472,                0.87298,                 1.4772,             0.00091588,             0.00091588,             0.00091588
                     56,                 1.0504,                 1.0951,                 1.5695,                0.90623,                0.83897,                0.91022,                0.69144,                 0.8915,                 0.9259,                 1.4662,             0.00090969,             0.00090969,             0.00090969
                     57,                 1.0879,                 1.1071,                 1.5908,                0.91439,                0.87005,                0.92457,                 0.6964,                0.85613,                 1.0733,                 1.4278,              0.0009035,              0.0009035,              0.0009035
                     58,                 1.1245,                 1.1815,                 1.6074,                0.91879,                0.84408,                0.90901,                0.67719,                0.87173,                0.83742,                 1.4389,             0.00089731,             0.00089731,             0.00089731
                     59,                 1.0719,                 1.1247,                 1.5811,                0.88993,                0.85525,                0.91287,                0.67882,                0.89941,                0.76977,                 1.4596,             0.00089112,             0.00089112,             0.00089112
                     60,                 1.0346,                 1.0735,                 1.5618,                0.93747,                0.85274,                0.91369,                0.71586,                 0.8113,                0.76374,                 1.3818,             0.00088494,             0.00088494,             0.00088494
                     61,                0.96187,                 1.0801,                 1.5136,                0.90276,                0.85088,                0.91383,                 0.7274,                0.80044,                0.78842,                 1.3831,             0.00087875,             0.00087875,             0.00087875
                     62,                0.97355,                 1.0123,                  1.505,                0.87592,                0.83064,                0.91575,                0.72141,                 0.8308,                0.90363,                  1.406,             0.00087256,             0.00087256,             0.00087256
                     63,                 1.0193,                 1.0116,                 1.5289,                0.90548,                0.87219,                0.92387,                0.71001,                0.84054,                0.73705,                 1.4054,             0.00086637,             0.00086637,             0.00086637
                     64,                 1.0594,                  1.093,                 1.5948,                0.90209,                0.87613,                0.93356,                0.72292,                 0.8327,                 0.7737,                 1.3805,             0.00086019,             0.00086019,             0.00086019
                     65,                 1.0558,                 1.0513,                 1.5615,                0.87904,                0.86775,                 0.9075,                0.69818,                0.88839,                0.77229,                 1.4326,               0.000854,               0.000854,               0.000854
                     66,                 1.0081,                 1.0392,                 1.5103,                 0.8419,                0.87125,                 0.9178,                0.71268,                0.85565,                0.81413,                 1.4099,             0.00084781,             0.00084781,             0.00084781
                     67,                 1.0657,                 1.0981,                 1.5582,                0.89645,                0.87262,                0.92518,                0.72176,                0.81792,                0.72644,                 1.3945,             0.00084162,             0.00084162,             0.00084162
                     68,                  1.003,                 1.0082,                 1.4939,                0.91592,                0.86742,                0.93275,                0.70409,                0.86146,                0.72326,                 1.4264,             0.00083544,             0.00083544,             0.00083544
                     69,                 1.0219,                 1.0122,                 1.5136,                0.92435,                 0.8329,                0.92557,                0.72843,                0.79454,                0.74045,                 1.3361,             0.00082925,             0.00082925,             0.00082925
                     70,                0.97809,                 0.9951,                 1.4892,                0.92385,                0.86377,                0.92779,                0.73332,                0.77088,                0.67235,                 1.3135,             0.00082306,             0.00082306,             0.00082306
                     71,                0.99373,                 1.0268,                 1.4929,                0.91191,                0.84866,                0.93395,                0.73519,                 0.7975,                0.67742,                 1.3341,             0.00081688,             0.00081688,             0.00081688
                     72,                0.94145,                0.93317,                 1.4446,                0.88836,                0.88704,                0.93647,                 0.7506,                0.77335,                0.65512,                 1.3262,             0.00081069,             0.00081069,             0.00081069
                     73,                0.93489,                 0.9695,                 1.4546,                0.87944,                0.85657,                0.93507,                0.73213,                0.81097,                0.77044,                 1.3734,              0.0008045,              0.0008045,              0.0008045
                     74,                0.93918,                0.94123,                 1.4521,                0.91479,                0.89204,                0.93992,                0.74623,                 0.7483,                0.68413,                 1.2862,             0.00079831,             0.00079831,             0.00079831
                     75,                0.93118,                0.87757,                 1.4341,                0.91267,                0.85632,                0.92953,                0.73818,                0.75929,                0.75422,                 1.3157,             0.00079213,             0.00079213,             0.00079213
                     76,                0.94566,                0.88935,                 1.4612,                0.92406,                0.88291,                0.94211,                0.76015,                  0.733,                0.64546,                 1.2805,             0.00078594,             0.00078594,             0.00078594
                     77,                 1.0126,                 0.9443,                 1.4901,                 0.8946,                0.87728,                0.92761,                0.74228,                0.76763,                 0.6918,                 1.2978,             0.00077975,             0.00077975,             0.00077975
                     78,                0.93886,                0.93326,                 1.4272,                0.91959,                0.88276,                 0.9399,                0.74928,                0.74383,                0.62837,                 1.3001,             0.00077356,             0.00077356,             0.00077356
                     79,                0.95099,                0.93269,                 1.4291,                 0.9258,                0.89374,                0.94827,                0.74241,                0.74997,                0.61047,                    1.3,             0.00076738,             0.00076738,             0.00076738
                     80,                0.93833,                0.90793,                 1.4387,                0.92325,                0.90998,                0.96439,                0.76376,                0.76605,                0.62949,                 1.3115,             0.00076119,             0.00076119,             0.00076119
                     81,                0.91539,                0.86679,                 1.4099,                0.90422,                0.89347,                 0.9454,                0.76963,                0.70819,                 0.6188,                 1.2588,               0.000755,               0.000755,               0.000755
                     82,                0.88666,                0.86501,                 1.4006,                0.92507,                0.89336,                0.95796,                0.78395,                0.72874,                 0.6124,                 1.2678,             0.00074881,             0.00074881,             0.00074881
                     83,                0.88439,                0.87179,                 1.3997,                0.90434,                0.90183,                0.94833,                0.75494,                0.72349,                0.61626,                 1.2647,             0.00074263,             0.00074263,             0.00074263
                     84,                0.92627,                0.85902,                 1.3919,                0.89299,                0.90091,                0.95057,                0.76105,                0.74127,                0.61921,                 1.2635,             0.00073644,             0.00073644,             0.00073644
                     85,                0.89113,                 0.8468,                 1.3951,                 0.9425,                0.89102,                0.94086,                0.76467,                0.70765,                0.59314,                  1.251,             0.00073025,             0.00073025,             0.00073025
                     86,                 0.9376,                0.84944,                 1.4165,                 0.9141,                0.90317,                0.95834,                0.76601,                0.71619,                0.61856,                 1.2574,             0.00072406,             0.00072406,             0.00072406
                     87,                0.90527,                0.89059,                 1.4128,                  0.923,                0.89097,                0.95111,                0.78461,                0.67568,                0.57821,                 1.2304,             0.00071788,             0.00071788,             0.00071788
                     88,                0.91035,                0.87705,                  1.407,                0.91598,                0.91414,                0.96159,                0.78481,                 0.6944,                 0.5968,                 1.2502,             0.00071169,             0.00071169,             0.00071169
                     89,                0.93065,                0.89068,                 1.4243,                0.91109,                0.88779,                0.95118,                0.74491,                0.79131,                0.73443,                 1.3212,              0.0007055,              0.0007055,              0.0007055
                     90,                0.90803,                0.83043,                 1.3921,                0.94837,                0.88437,                0.95801,                0.78384,                0.69034,                0.57927,                 1.2374,             0.00069931,             0.00069931,             0.00069931
                     91,                0.85789,                0.80375,                 1.3632,                0.91367,                0.92651,                0.96662,                0.75542,                0.80608,                 0.6304,                 1.3444,             0.00069313,             0.00069313,             0.00069313
                     92,                0.91186,                0.84279,                 1.3887,                 0.9182,                0.92782,                0.96626,                0.79327,                 0.6805,                0.53573,                 1.2306,             0.00068694,             0.00068694,             0.00068694
                     93,                 0.8678,                0.79684,                 1.3777,                0.93123,                 0.9056,                0.96941,                0.81446,                0.65046,                0.56544,                 1.2197,             0.00068075,             0.00068075,             0.00068075
                     94,                0.88769,                0.82004,                 1.3805,                0.94083,                0.89791,                0.96575,                0.80233,                0.67426,                0.56034,                 1.2172,             0.00067456,             0.00067456,             0.00067456
                     95,                0.89137,                0.79715,                 1.3814,                0.93021,                 0.8994,                0.95342,                0.77384,                0.74646,                0.61124,                 1.2622,             0.00066838,             0.00066838,             0.00066838
                     96,                0.86211,                0.83064,                 1.3475,                0.91046,                0.92159,                0.96373,                0.79119,                0.66844,                0.58675,                 1.1962,             0.00066219,             0.00066219,             0.00066219
                     97,                0.86109,                0.83795,                 1.3675,                0.91767,                0.92055,                0.96175,                0.80023,                0.66434,                0.55089,                 1.2054,               0.000656,               0.000656,               0.000656
                     98,                0.80387,                0.73959,                 1.3227,                0.93652,                0.92081,                0.96799,                 0.8015,                0.68174,                0.57213,                 1.2055,             0.00064981,             0.00064981,             0.00064981
                     99,                 0.9009,                0.83676,                  1.385,                0.93377,                0.90501,                0.96265,                0.78563,                0.68274,                0.59733,                 1.2054,             0.00064362,             0.00064362,             0.00064362
                    100,                0.88513,                0.84518,                 1.3707,                0.91618,                0.94025,                0.96756,                0.79554,                0.69099,                0.54844,                 1.2016,             0.00063744,             0.00063744,             0.00063744
                    101,                0.85494,                0.77732,                 1.3494,                0.93697,                0.89439,                0.96687,                  0.816,                0.63695,                0.54533,                 1.1669,             0.00063125,             0.00063125,             0.00063125
                    102,                0.87581,                0.80193,                  1.345,                0.93993,                0.91344,                0.96645,                0.80651,                0.65618,                0.52288,                 1.1808,             0.00062506,             0.00062506,             0.00062506
                    103,                0.87363,                 0.7934,                 1.3638,                 0.9368,                 0.9109,                0.96861,                0.81922,                 0.6421,                0.51396,                 1.1768,             0.00061887,             0.00061887,             0.00061887
                    104,                0.82042,                 0.7162,                 1.3178,                0.93441,                0.92092,                0.96839,                0.80961,                0.62709,                0.52225,                  1.172,             0.00061269,             0.00061269,             0.00061269
                    105,                0.86226,                0.76462,                 1.3356,                0.92958,                0.91196,                0.96758,                 0.8003,                0.68084,                0.50789,                  1.193,              0.0006065,              0.0006065,              0.0006065
                    106,                 0.8793,                 0.7716,                 1.3582,                0.91481,                0.92833,                 0.9649,                0.81143,                0.63688,                0.52726,                 1.1817,             0.00060031,             0.00060031,             0.00060031
                    107,                 0.8888,                0.78425,                 1.3613,                0.93615,                0.89442,                0.96557,                0.80261,                0.66936,                 0.5453,                 1.1807,             0.00059413,             0.00059413,             0.00059413
                    108,                0.80697,                 0.7203,                 1.3184,                0.91988,                0.92175,                0.96255,                0.81422,                0.61515,                0.50746,                 1.1442,             0.00058794,             0.00058794,             0.00058794
                    109,                0.80216,                0.70451,                 1.2958,                0.93145,                0.92953,                0.97394,                0.81772,                0.64119,                0.49636,                 1.1661,             0.00058175,             0.00058175,             0.00058175
                    110,                0.82172,                0.78384,                 1.3385,                0.93989,                0.93861,                0.97611,                0.81737,                0.63225,                0.48582,                  1.172,             0.00057556,             0.00057556,             0.00057556
                    111,                0.82287,                0.73992,                 1.3294,                0.93678,                0.94527,                0.97324,                0.81842,                0.64676,                0.51359,                 1.1556,             0.00056938,             0.00056938,             0.00056938
                    112,                0.84611,                0.74833,                 1.3264,                0.92144,                 0.9383,                0.97348,                0.82494,                 0.6114,                0.49533,                 1.1416,             0.00056319,             0.00056319,             0.00056319
                    113,                0.86604,                0.77316,                 1.3511,                0.93625,                 0.9323,                0.97208,                0.81145,                0.66592,                0.49792,                 1.1752,               0.000557,               0.000557,               0.000557
                    114,                0.86059,                0.78061,                 1.3444,                 0.9547,                0.93535,                0.97788,                0.80764,                0.66537,                0.49719,                 1.1683,             0.00055081,             0.00055081,             0.00055081
                    115,                0.79167,                0.70911,                 1.3015,                 0.9273,                0.94031,                0.97341,                 0.8252,                0.64272,                0.51811,                 1.1589,             0.00054463,             0.00054463,             0.00054463
                    116,                0.82036,                0.75766,                 1.3205,                0.92786,                0.91972,                0.96943,                0.80242,                 0.6831,                0.52398,                 1.1885,             0.00053844,             0.00053844,             0.00053844
                    117,                0.81372,                0.73874,                 1.3204,                0.92883,                0.92919,                0.97525,                0.82663,                0.61759,                0.47899,                 1.1366,             0.00053225,             0.00053225,             0.00053225
                    118,                0.83071,                0.74704,                 1.3214,                0.93837,                0.94346,                 0.9774,                0.83214,                0.60674,                0.47223,                 1.1387,             0.00052606,             0.00052606,             0.00052606
                    119,                0.79169,                0.73163,                 1.2995,                0.93463,                0.95327,                 0.9788,                0.82929,                0.62669,                0.48968,                 1.1521,             0.00051988,             0.00051988,             0.00051988
                    120,                0.77545,                0.70064,                  1.283,                0.94836,                0.94314,                0.97847,                0.82737,                0.64855,                 0.4765,                 1.1623,             0.00051369,             0.00051369,             0.00051369
                    121,                0.81292,                0.67028,                 1.3025,                0.94999,                0.97289,                 0.9812,                0.84278,                0.60724,                0.45887,                  1.149,              0.0005075,              0.0005075,              0.0005075
                    122,                0.79655,                0.70692,                 1.2914,                0.94153,                0.95469,                0.98157,                0.84266,                0.59852,                0.46394,                 1.1316,             0.00050131,             0.00050131,             0.00050131
                    123,                0.79528,                0.70599,                 1.3061,                0.94436,                0.93916,                0.97568,                0.82442,                0.59521,                0.46913,                 1.1268,             0.00049513,             0.00049513,             0.00049513
                    124,                0.82518,                0.70859,                 1.3023,                0.93242,                0.96504,                0.97809,                0.83124,                0.61063,                0.46173,                 1.1377,             0.00048894,             0.00048894,             0.00048894
                    125,                0.81937,                0.70071,                 1.3091,                0.94351,                0.97107,                0.97845,                0.82816,                0.61479,                0.45959,                 1.1269,             0.00048275,             0.00048275,             0.00048275
                    126,                0.77447,                0.67388,                 1.2777,                0.93835,                 0.9591,                0.97897,                0.83298,                0.58505,                0.46509,                 1.1047,             0.00047656,             0.00047656,             0.00047656
                    127,                0.81488,                0.67299,                 1.3099,                 0.9236,                0.96365,                 0.9755,                 0.8394,                0.57022,                 0.4513,                 1.1056,             0.00047038,             0.00047038,             0.00047038
                    128,                0.75077,                0.68045,                 1.2656,                0.94744,                0.96132,                0.97677,                0.82429,                0.60435,                 0.4571,                 1.1287,             0.00046419,             0.00046419,             0.00046419
                    129,                0.77385,                0.68406,                 1.2832,                0.93982,                0.96566,                0.97906,                0.84485,                0.57621,                0.45001,                  1.121,               0.000458,               0.000458,               0.000458
                    130,                0.80713,                0.68376,                 1.3134,                0.94116,                 0.9753,                0.98121,                0.83706,                0.60005,                0.46455,                 1.1232,             0.00045181,             0.00045181,             0.00045181
                    131,                0.75074,                0.68643,                 1.2599,                0.95544,                0.96676,                 0.9819,                0.84963,                0.57158,                0.44489,                 1.1074,             0.00044563,             0.00044563,             0.00044563
                    132,                 0.7388,                 0.6345,                 1.2429,                 0.9427,                0.96546,                0.98095,                0.83601,                0.58643,                0.46262,                 1.1278,             0.00043944,             0.00043944,             0.00043944
                    133,                0.77002,                0.68895,                 1.2585,                0.94245,                  0.969,                0.97865,                 0.8381,                0.58182,                0.45234,                 1.1179,             0.00043325,             0.00043325,             0.00043325
                    134,                0.75727,                  0.642,                 1.2798,                0.94543,                0.96714,                0.97687,                0.84193,                0.57309,                0.44092,                 1.1073,             0.00042706,             0.00042706,             0.00042706
                    135,                0.71384,                0.63707,                 1.2384,                0.95489,                0.96559,                0.97809,                0.84576,                0.57394,                 0.4249,                  1.106,             0.00042087,             0.00042087,             0.00042087
                    136,                0.74175,                0.64149,                 1.2773,                0.95891,                0.97306,                0.98118,                0.84102,                0.58677,                0.43425,                 1.1177,             0.00041469,             0.00041469,             0.00041469
                    137,                0.74466,                0.66852,                 1.2695,                0.94631,                0.97037,                0.98153,                0.83925,                0.57532,                0.43593,                 1.1221,              0.0004085,              0.0004085,              0.0004085
                    138,                0.79043,                0.71089,                 1.2901,                0.94049,                0.98117,                 0.9818,                0.85359,                0.56582,                0.43155,                  1.113,             0.00040231,             0.00040231,             0.00040231
                    139,                  0.732,                0.68413,                 1.2536,                0.93503,                0.96628,                0.98077,                0.84712,                 0.5822,                0.44188,                 1.1118,             0.00039613,             0.00039613,             0.00039613
                    140,                 0.7501,                0.67855,                 1.2476,                0.94383,                0.97442,                0.98349,                 0.8441,                0.57428,                0.44646,                 1.0941,             0.00038994,             0.00038994,             0.00038994
                    141,                0.73936,                0.64463,                  1.259,                0.95046,                0.95836,                0.98532,                0.84855,                0.57207,                0.44003,                 1.0952,             0.00038375,             0.00038375,             0.00038375
                    142,                0.74403,                0.62304,                 1.2348,                0.94368,                0.98075,                0.98358,                 0.8502,                0.55309,                0.41553,                 1.0939,             0.00037756,             0.00037756,             0.00037756
                    143,                0.72801,                0.62454,                 1.2392,                0.93941,                0.97915,                0.98206,                 0.8458,                0.57761,                0.42503,                 1.1027,             0.00037138,             0.00037138,             0.00037138
                    144,                 0.7737,                0.64815,                  1.262,                0.93405,                0.98717,                 0.9842,                0.83973,                 0.5974,                0.43225,                 1.1176,             0.00036519,             0.00036519,             0.00036519
                    145,                0.71592,                0.60863,                 1.2389,                0.93402,                0.97946,                0.98393,                 0.8462,                0.57059,                0.43046,                 1.0966,               0.000359,               0.000359,               0.000359
                    146,                 0.7229,                0.62765,                 1.2413,                0.92598,                0.97839,                0.98374,                0.85102,                0.55071,                0.43181,                 1.0837,             0.00035281,             0.00035281,             0.00035281
                    147,                0.73099,                0.62716,                 1.2433,                0.95062,                0.97775,                0.98307,                0.84856,                0.56236,                0.43757,                 1.0981,             0.00034663,             0.00034663,             0.00034663
                    148,                0.71518,                0.62087,                 1.2375,                0.95983,                0.97028,                0.98498,                0.85332,                0.57248,                0.43023,                 1.0991,             0.00034044,             0.00034044,             0.00034044
                    149,                0.70875,                0.62999,                 1.2262,                0.96554,                0.97793,                 0.9842,                0.85899,                0.54218,                0.40682,                  1.087,             0.00033425,             0.00033425,             0.00033425
                    150,                0.70685,                0.60913,                 1.2316,                0.96499,                0.98299,                0.98473,                0.85117,                0.56873,                0.41349,                   1.11,             0.00032806,             0.00032806,             0.00032806
                    151,                0.68163,                 0.6202,                 1.2352,                0.96579,                0.97081,                0.98379,                0.85479,                0.54287,                0.40614,                  1.082,             0.00032188,             0.00032188,             0.00032188
                    152,                0.72538,                0.61873,                 1.2445,                 0.9558,                0.98155,                0.98415,                0.85274,                0.54582,                0.41399,                 1.0786,             0.00031569,             0.00031569,             0.00031569
                    153,                0.69949,                0.60777,                 1.2128,                0.95431,                0.97123,                0.98335,                0.86164,                0.52247,                0.40507,                 1.0596,              0.0003095,              0.0003095,              0.0003095
                    154,                0.70523,                 0.6066,                  1.257,                0.94721,                0.98136,                0.98366,                0.86394,                0.53472,                0.41162,                 1.0664,             0.00030331,             0.00030331,             0.00030331
                    155,                0.70435,                0.61769,                 1.2312,                0.94886,                0.97698,                0.98408,                  0.861,                0.55266,                0.40984,                 1.0849,             0.00029713,             0.00029713,             0.00029713
                    156,                0.67204,                0.59729,                 1.2211,                0.96251,                0.97495,                0.98447,                0.85643,                0.56659,                0.40011,                 1.0845,             0.00029094,             0.00029094,             0.00029094
                    157,                0.72528,                0.64205,                 1.2343,                0.95129,                0.97816,                0.98535,                0.86081,                0.53572,                0.41241,                 1.0724,             0.00028475,             0.00028475,             0.00028475
                    158,                0.70659,                0.59507,                 1.2112,                  0.958,                0.97796,                0.98676,                0.85157,                0.55405,                0.43503,                 1.0871,             0.00027856,             0.00027856,             0.00027856
                    159,                0.72051,                0.59055,                  1.238,                0.96449,                0.98182,                0.98604,                0.85868,                0.53867,                0.39069,                 1.0655,             0.00027237,             0.00027237,             0.00027237
                    160,                0.72913,                 0.5998,                 1.2392,                0.95679,                 0.9799,                0.98424,                0.86683,                0.52908,                0.37824,                 1.0567,             0.00026619,             0.00026619,             0.00026619
                    161,                0.73529,                0.62452,                 1.2427,                0.95973,                0.98736,                0.98502,                0.87125,                 0.5223,                0.37739,                 1.0488,                0.00026,                0.00026,                0.00026
                    162,                0.67588,                0.60259,                 1.2132,                0.94903,                0.98294,                0.98497,                0.86805,                0.52848,                0.38117,                 1.0543,             0.00025381,             0.00025381,             0.00025381
                    163,                0.67195,                 0.5708,                 1.2054,                0.94834,                0.98867,                0.98466,                0.85535,                0.55542,                0.39316,                 1.0759,             0.00024762,             0.00024762,             0.00024762
                    164,                0.70572,                0.56339,                 1.1988,                0.95576,                0.98968,                0.98482,                0.87097,                0.51826,                0.38321,                 1.0509,             0.00024144,             0.00024144,             0.00024144
                    165,                0.68936,                0.60677,                 1.2038,                0.96603,                0.98129,                0.98717,                0.85561,                0.56579,                0.39988,                  1.092,             0.00023525,             0.00023525,             0.00023525
                    166,                0.68722,                0.59074,                 1.2079,                0.96557,                 0.9833,                0.98702,                0.86053,                0.53875,                0.39427,                 1.0697,             0.00022906,             0.00022906,             0.00022906
                    167,                0.71268,                0.58649,                 1.2296,                0.95264,                0.98196,                0.98413,                0.85339,                0.55124,                0.39152,                 1.0791,             0.00022288,             0.00022288,             0.00022288
                    168,                0.67629,                0.59289,                 1.2095,                0.95498,                0.98768,                0.98543,                0.86649,                0.54005,                0.38652,                 1.0652,             0.00021669,             0.00021669,             0.00021669
                    169,                0.71951,                0.60585,                 1.2257,                0.95916,                0.97588,                0.98642,                0.87626,                0.50971,                0.38197,                 1.0491,              0.0002105,              0.0002105,              0.0002105
                    170,                0.71248,                0.61468,                 1.2253,                0.95867,                0.98583,                0.98633,                0.87322,                0.51862,                0.38847,                 1.0566,             0.00020431,             0.00020431,             0.00020431
                    171,                0.68645,                0.55681,                 1.2121,                 0.9633,                0.98705,                0.98569,                 0.8618,                  0.546,                0.39282,                 1.0676,             0.00019813,             0.00019813,             0.00019813
                    172,                0.68212,                0.57838,                 1.2093,                0.94817,                0.98999,                 0.9849,                0.87044,                0.51285,                0.37836,                 1.0459,             0.00019194,             0.00019194,             0.00019194
                    173,                0.67501,                0.57259,                 1.1932,                0.95592,                 0.9836,                0.98515,                0.87366,                0.50813,                0.37877,                 1.0452,             0.00018575,             0.00018575,             0.00018575
                    174,                 0.7003,                0.56294,                 1.2061,                0.95479,                0.99127,                0.98691,                0.87119,                0.51698,                0.37794,                 1.0497,             0.00017956,             0.00017956,             0.00017956
                    175,                0.69192,                 0.5754,                 1.2063,                0.95014,                0.98896,                0.98809,                0.86816,                 0.5175,                0.38008,                 1.0491,             0.00017338,             0.00017338,             0.00017338
                    176,                0.71026,                0.59889,                 1.1961,                0.95575,                0.99537,                 0.9885,                0.87413,                0.50753,                0.38358,                 1.0464,             0.00016719,             0.00016719,             0.00016719
                    177,                0.68779,                0.58648,                 1.2038,                0.95128,                0.98887,                0.98766,                0.86845,                0.51694,                0.37832,                  1.047,               0.000161,               0.000161,               0.000161
                    178,                0.65959,                0.56073,                 1.1746,                0.95131,                0.98555,                0.98671,                0.87401,                 0.4968,                0.37499,                  1.038,             0.00015481,             0.00015481,             0.00015481
                    179,                0.64799,                0.57164,                 1.1849,                0.95525,                0.97987,                0.98564,                0.87701,                0.49259,                 0.3769,                 1.0354,             0.00014862,             0.00014862,             0.00014862
                    180,                0.63903,                 0.5409,                 1.1851,                0.96244,                0.97927,                0.98683,                0.87861,                0.49103,                0.37186,                 1.0378,             0.00014244,             0.00014244,             0.00014244
                    181,                0.63676,                0.54104,                 1.1704,                0.94419,                0.99787,                0.98683,                0.88125,                 0.4928,                0.36645,                 1.0387,             0.00013625,             0.00013625,             0.00013625
                    182,                0.66961,                0.57353,                  1.181,                0.95078,                0.99021,                0.98683,                0.87967,                0.49686,                0.36382,                 1.0382,             0.00013006,             0.00013006,             0.00013006
                    183,                0.69517,                0.58477,                 1.1989,                0.96325,                0.98869,                0.98849,                0.88157,                0.50052,                0.36552,                  1.039,             0.00012387,             0.00012387,             0.00012387
                    184,                0.68718,                0.58361,                 1.1945,                0.96174,                0.98598,                0.98923,                0.88326,                0.48752,                0.36296,                 1.0331,             0.00011769,             0.00011769,             0.00011769
                    185,                 0.6657,                0.56725,                 1.1784,                0.96609,                0.98731,                0.98864,                0.88003,                0.49623,                0.36236,                 1.0329,              0.0001115,              0.0001115,              0.0001115
                    186,                 0.6395,                0.60573,                 1.1859,                  0.961,                0.98788,                0.98766,                0.87764,                 0.4951,                0.36287,                 1.0302,             0.00010531,             0.00010531,             0.00010531
                    187,                0.64845,                0.55089,                 1.1747,                0.95787,                0.99586,                0.98775,                0.88452,                0.48818,                0.35897,                 1.0237,             9.9125e-05,             9.9125e-05,             9.9125e-05
                    188,                0.60814,                0.54394,                 1.1706,                 0.9648,                0.98536,                0.98766,                0.87778,                0.49535,                0.36307,                 1.0276,             9.2937e-05,             9.2937e-05,             9.2937e-05
                    189,                0.60718,                0.54297,                 1.1611,                0.96183,                 0.9883,                0.98771,                0.87959,                0.48496,                0.35892,                 1.0252,              8.675e-05,              8.675e-05,              8.675e-05
                    190,                0.69791,                0.57067,                 1.2107,                0.96087,                0.98822,                0.98702,                0.88249,                0.48159,                0.35679,                 1.0253,             8.0563e-05,             8.0563e-05,             8.0563e-05
                    191,                0.66557,                0.55401,                 1.2047,                0.95916,                0.99754,                0.98707,                0.87754,                0.48566,                 0.3549,                 1.0282,             7.4375e-05,             7.4375e-05,             7.4375e-05
                    192,                0.64784,                0.55718,                 1.1934,                   0.96,                0.99099,                 0.9871,                0.88069,                0.47987,                0.35481,                 1.0242,             6.8188e-05,             6.8188e-05,             6.8188e-05
                    193,                0.63955,                0.54481,                 1.1791,                0.96161,                0.98879,                0.98755,                0.88537,                0.47215,                0.35635,                 1.0172,                6.2e-05,                6.2e-05,                6.2e-05
                    194,                0.61135,                0.51084,                 1.1516,                0.96034,                0.98979,                0.98752,                0.88865,                 0.4679,                0.35645,                 1.0165,             5.5813e-05,             5.5813e-05,             5.5813e-05
                    195,                0.61627,                0.51281,                  1.161,                 0.9603,                0.98926,                0.98784,                0.88719,                0.46382,                0.35547,                 1.0127,             4.9625e-05,             4.9625e-05,             4.9625e-05
                    196,                0.65117,                0.57803,                 1.1817,                 0.9549,                0.99769,                0.98806,                0.88948,                0.46315,                0.35128,                  1.011,             4.3438e-05,             4.3438e-05,             4.3438e-05
                    197,                0.62434,                0.53792,                 1.1564,                0.95477,                0.99688,                0.98837,                0.88965,                0.46336,                0.35032,                 1.0128,              3.725e-05,              3.725e-05,              3.725e-05
                    198,                0.61146,                0.51881,                 1.1415,                0.95471,                0.99696,                0.98905,                0.88965,                0.46181,                0.34907,                 1.0125,             3.1063e-05,             3.1063e-05,             3.1063e-05
                    199,                  0.633,                0.52494,                 1.1753,                0.95283,                0.99488,                0.98877,                0.89179,                0.46364,                0.34732,                 1.0124,             2.4875e-05,             2.4875e-05,             2.4875e-05
